{"cameraMode":{"drawMode":0,"name":"Shaded","section":"Shading Mode"},"sceneLighting":false,"audioPlay":false,"sceneViewState":{"showFog":false,"showMaterialUpdate":false,"showSkybox":false,"showFlares":false,"showImageEffects":false,"showParticleSystems":false},"in2DMode":false,"pivot":{"x":0.0,"y":1.2999999523162842,"z":0.48000001907348635},"rotation":{"x":-0.0754777267575264,"y":0.7059807777404785,"z":-0.07611440867185593,"w":-0.7000834345817566},"size":2.8578836917877199,"orthographic":false}