{"cameraMode":{"drawMode":0,"name":"Shaded","section":"Shading Mode"},"sceneLighting":false,"audioPlay":false,"sceneViewState":{"showFog":false,"showMaterialUpdate":false,"showSkybox":true,"showFlares":false,"showImageEffects":false,"showParticleSystems":false},"in2DMode":false,"pivot":{"x":-1.3779335021972657,"y":7.1694817543029789,"z":-1.2309062480926514},"rotation":{"x":-0.0754777267575264,"y":0.7059807777404785,"z":-0.07611440867185593,"w":-0.7000834345817566},"size":35.609527587890628,"orthographic":false}