{"cameraMode":{"drawMode":0,"name":"Shaded","section":"Shading Mode"},"sceneLighting":false,"audioPlay":false,"sceneViewState":{"showFog":false,"showMaterialUpdate":false,"showSkybox":true,"showFlares":false,"showImageEffects":false,"showParticleSystems":false},"in2DMode":false,"pivot":{"x":8.808319091796875,"y":5.333791732788086,"z":6.811278343200684},"rotation":{"x":0.08902488648891449,"y":0.5855615139007568,"z":-0.06490828841924668,"w":0.8031119704246521},"size":25.91826057434082,"orthographic":false}